Super Dell,2300.000000,4,8,ubuntu,1000,Dell,7
km,4235.000000,4,4,windows 7,1000,Hp,7
