JUAN,PEREZ,110515,DBFHDB@DSDSF,25105,121515,VDHBVDH,396.560000
Pedro,Salazar,11058222,cdvcvsz@gamsnds,2415115,15151,asas,369.500000
JUAN,PEREZ,110515,DBFHDB@DSDSF,25105,121515,VDHBVDH,396.560000
Pedro,Salazar,11058222,cdvcvsz@gamsnds,2415115,15151,asas,369.500000
JUAN,PEREZ,110515,DBFHDB@DSDSF,25105,121515,VDHBVDH,396.560000
Pedro,Salazar,11058222,cdvcvsz@gamsnds,2415115,15151,asas,369.500000
JUAN,PEREZ,110515,DBFHDB@DSDSF,25105,121515,VDHBVDH,396.560000
Pedro,Salazar,11058222,cdvcvsz@gamsnds,2415115,15151,asas,369.500000
