Juan,Perez,1105852425,dbfgvd@gamil.com,2584,052565,Vendedor,369.520000
Juan,Ancho,1105852428,nscjsbc@s cjns,09594823,25863,Gerente,500.000000
