Super Dell,630.000000,4,8,Windows 10,1000,Dell,7
HP,800.000000,6,2,Windows /,1000,HP,9
